,ID,descriptions,prices,Brand,rating,free_shipping,daraz_mall,seller_rating,ontime_rating
0,1,Samsung A14 4GB/64GB - 5000 mAh Battery - 6.6' Display - Android 13,"Rs. 34,999",No Brand,4.7,Free Shipping,0,0%,100%
1,2,Redmi Note 12 8 GB RAM + 128GB ROM PTA Approved Mobile Phone with 1 Year Brand Warranty,"Rs. 49,999",Xiaomi,4.1,Pakistan,0,92%,100%
2,3,Redmi A2+ - 3GB/64GB - Mediatek Helio G36 - Android 12- 5000 mAh Battery,"Rs. 19,399",Xiaomi,5,Pakistan,0,92%,100%
3,4,Infinix Note 30 Pro 8-256 GB PTA Approved With Official 1 Year Warranty,"Rs. 64,499",No Brand,4,Free Shipping,0,0%,100%
4,5,Realme Narzo 50A Prime (4GB-128GB) PTA Approved With Official 1 Year Warranty,"Rs. 32,999",No Brand,5,Free Shipping,0,0%,100%
5,6,Redmi note 12 8GB RAM -128GB ROM PTA APPROVED OFFICIAL WARRANTY SUPER FAST CHARGING,"Rs. 50,499",Redmi,4,Free Shipping,0,85%,100%
6,7,"Infinix Note 30 8GB/128GB - Android 13 - 6.78"" Display - 5000 mAh Battery","Rs. 43,499",No Brand,4.6,Free Shipping,0,0%,100%
7,8,Tecno SPARK 10 PRO 8GB RAM - 256GB ROM PTA APPROVED OFFICIAL BRAND WARRANTY,"Rs. 38,450",Tecno,4.2,Free Shipping,0,89%,100%
8,9,Samsung Galaxy A14 6GB+128GB,"Rs. 54,999",Samsung,5,Pakistan,0,92%,100%
9,10,Samsung Galaxy A24 8GB+128GB,"Rs. 72,999",Samsung,0,Pakistan,0,92%,100%
10,11,itel A60s 4GB RAM* +128GB ROM 6.6″ HD+ Display 5000mAh Battery PTA approved Official Brand Warranty,"Rs. 22,399",itel,3,Free Shipping,0,85%,100%
11,12,"Infinix Hot 30 , 8GB RAM 128GB ROM , 50MP Main Camera , Fingerprint , 5000mAh Battery","Rs. 36,999",No Brand,4.7,Free Shipping,0,95%,85%
12,13,Redmi A2+ || 3GB Ram 64GB Rom || 5000mAh Battery Xiaomi Redmi A2 Plus,"Rs. 19,999",No Brand,0,Free Shipping,0,91%,74%
13,14,"Redmi 12C - 6.71"" Inch Display - 4GB RAM","Rs. 25,990",No Brand,0,Free Shipping,0,85%,100%
14,15,Samsung Galaxy A04 4GB+64GB,"Rs. 42,999",Samsung,0,Pakistan,0,92%,100%
15,16,"Infinix Note 30 , 8GB RAM 256GB ROM , 64MP Main Camera , Fingerprint , 5000mAh Fast Charging","Rs. 46,999",No Brand,5,Free Shipping,0,95%,85%
16,17,Samsung Galaxy A14 4GB+128GB,"Rs. 51,999",Samsung,0,Pakistan,0,92%,100%
17,18,Xiaomi Redmi Note 12 || 8GB Ram 128GB Rom || 5000mAh Battery 33W Fast Charger,"Rs. 50,399",No Brand,4.8,Free Shipping,0,91%,74%
18,19,"Redmi 12C, 4GB RAM 128GB ROM , 50 MP Al Dual Camera , Finger Sensor , 5000 mAh Battery , Fast Charging","Rs. 29,999",No Brand,0,Free Shipping,0,95%,85%
19,20,Samsung Galaxy A04 4GB - 64GB OFFICIAL PTA APPROVED OFFICIAL WARRANTY,"Rs. 29,999",No Brand,0,Pakistan,0,93%,100%
20,21,"Itel S23 - 6.6"" Inch Display - 8GB + 8GB RAM - 128GB / 256GB ROM","Rs. 27,999",No Brand,0,Free Shipping,0,85%,100%
21,22,Infinix Hot 30 || 8GB+8GB Ram 128GB Rom || 5000mAh Battery,"Rs. 36,999",No Brand,0,Free Shipping,0,91%,74%
22,23,Samsung Galaxy A54 8GB+256GB,"Rs. 128,999",Samsung,5,Pakistan,0,92%,100%
23,24,"Infinix Note 30 , 8GB RAM 256GB ROM , 64MP Main Camera , Fingerprint , 5000mAh Fast Charging","Rs. 46,999",No Brand,5,Free Shipping,0,87%,Not enough data
24,25,"Tecno Camon 20 - 8GB/256GB - 64 MP Camera - 5000 mAH- Battery - 6.67""","Rs. 49,999",Tecno,0,Free Shipping,0,94%,100%
25,26,TECNO CAMON 20 - 8GB+8GB RAM 256GB ROM - 5000 mAh Battery,"Rs. 46,399",No Brand,0,Free Shipping,0,89%,100%
26,27,Redmi 12C || 4GB Ram 128GB Rom || 6.71 Inches IPS Display || 5000 mAh - Battery charging 10W wired,"Rs. 28,999",No Brand,0,Free Shipping,0,94%,92%
27,28,Samsung Galaxy A04s 4GB - 128GB OFFICIAL PTA APPROVED OFFICIAL WARRANTY,"Rs. 39,999",No Brand,0,Pakistan,0,93%,100%
28,29,Tecno CAMON 20 8GB RAM-256GB ROM 5000MAH BATTERY PTA APPROVED OFFICIAL BRAND WARRANTY,"Rs. 45,496",No Brand,3,Pakistan,0,95%,100%
29,30,Sparx Neo X || 4GB RAM 64GB ROM || 50MP +2MP Camera || 5000mAh Battery || PTA Approved || 1 Year Brand Warranty,"Rs. 25,999",No Brand,5,Free Shipping,0,92%,96%
30,31,"Oppo A57 2022 - 6.5"" HD Display - 4GB RAM - 64GB ROM - Dual Sim - PTA Approved - Phone And Box Only (Charger, Accessories Not Included - Mix Color)","Rs. 26,999",No Brand,0,Pakistan,0,76%,100%
31,32,"Redmi Note 12 8GB Ram 128GB Rom, Display Size 6.67 Inches, Battery Capacity 5000 mAh , Fast charging 33W","Rs. 49,999",No Brand,0,Free Shipping,0,95%,85%
32,33,"Infinix Hot 30 8GB/128GB - Android 13 - 6.78"" Display - 5000 mAh Battery","Rs. 37,999",No Brand,0,Free Shipping,0,0%,100%
33,34,"Redmi A2 Plus , 3GB RAM 64GB ROM , 8MP Main Camera , Fingerprint , 5000mAh Fast Charging","Rs. 19,999",No Brand,0,Free Shipping,0,95%,85%
34,35,Redmi Note 12 || 8GB Ram 128GB Rom || 6.67 Inches AMOLED Display || 5000 mAh - Fast charging 33W wired ||,"Rs. 50,699",No Brand,5,Free Shipping,0,90%,100%
35,36,Original Vivo Y85 with Box & Charger - Dual Sim Approved - Vivo Y85a - 4GB RAM Mobile - Snapdragon Mobile,"Rs. 15,999",No Brand,4.7,Free Shipping,0,92%,100%
36,37,"Oppo A57 - 5.2"" HD Display - 4GB RAM - 64GB ROM - Dual Sim - PTA Approved - Phone And Box Only (Charger, Accessories Not Included - Mix Color)","Rs. 13,999",No Brand,4.9,Pakistan,0,76%,100%
37,38,Itel A60s || 4GB + 128GB || 6.6 inches IPS Display || Battery Li-Po 5000 mAh,"Rs. 22,999",No Brand,5,Free Shipping,0,94%,92%
38,39,Itel S23 - 8GB Ram - 256GB Rom - 5000mAh Battery,"Rs. 31,000",No Brand,4.8,Pakistan,0,95%,100%
39,40,"Infinix Note 30 RAM 8 GB ROM 256 GB Front Camera 16 MP Back Camera 64 MP + 2 MP + AI Cam Battery Type Li-Po 5000 mAh, non-removable","Rs. 46,999",No Brand,0,Free Shipping,0,95%,100%
40,41,Samsung A14 4GB/64GB - 5000 mAh Battery - 6.6' Display - Android 13,"Rs. 34,999",No Brand,4.6,Free Shipping,0,0%,100%
41,42,Redmi Note 12 8 GB RAM + 128GB ROM PTA Approved Mobile Phone with 1 Year Brand Warranty,"Rs. 49,999",Xiaomi,4.9,Pakistan,0,92%,100%
42,43,Redmi A2+ - 3GB/64GB - Mediatek Helio G36 - Android 12- 5000 mAh Battery,"Rs. 19,399",Xiaomi,4.9,Pakistan,0,92%,100%
43,44,Infinix Note 30 Pro 8-256 GB PTA Approved With Official 1 Year Warranty,"Rs. 64,499",No Brand,4.7,Free Shipping,0,0%,100%
44,45,Realme Narzo 50A Prime (4GB-128GB) PTA Approved With Official 1 Year Warranty,"Rs. 32,999",No Brand,4,Free Shipping,0,0%,100%
45,46,Redmi note 12 8GB RAM -128GB ROM PTA APPROVED OFFICIAL WARRANTY SUPER FAST CHARGING,"Rs. 50,499",Redmi,4.4,Free Shipping,0,85%,100%
46,47,"Infinix Note 30 8GB/128GB - Android 13 - 6.78"" Display - 5000 mAh Battery","Rs. 43,499",No Brand,4,Free Shipping,0,0%,100%
47,48,Tecno SPARK 10 PRO 8GB RAM - 256GB ROM PTA APPROVED OFFICIAL BRAND WARRANTY,"Rs. 38,450",Tecno,0,Free Shipping,0,89%,100%
48,49,Samsung Galaxy A14 6GB+128GB,"Rs. 54,999",Samsung,0,Pakistan,0,92%,100%
49,50,Samsung Galaxy A24 8GB+128GB,"Rs. 72,999",Samsung,5,Pakistan,0,92%,100%
50,51,itel A60s 4GB RAM* +128GB ROM 6.6″ HD+ Display 5000mAh Battery PTA approved Official Brand Warranty,"Rs. 22,399",itel,5,Free Shipping,0,85%,100%
51,52,"Infinix Hot 30 , 8GB RAM 128GB ROM , 50MP Main Camera , Fingerprint , 5000mAh Battery","Rs. 36,999",No Brand,4.8,Free Shipping,0,95%,85%
52,53,Redmi A2+ || 3GB Ram 64GB Rom || 5000mAh Battery Xiaomi Redmi A2 Plus,"Rs. 19,999",No Brand,0,Free Shipping,0,91%,74%
53,54,"Redmi 12C - 6.71"" Inch Display - 4GB RAM","Rs. 25,990",No Brand,0,Free Shipping,0,85%,100%
54,55,Samsung Galaxy A04 4GB+64GB,"Rs. 42,999",Samsung,0,Pakistan,0,92%,100%
55,56,"Infinix Note 30 , 8GB RAM 256GB ROM , 64MP Main Camera , Fingerprint , 5000mAh Fast Charging","Rs. 46,999",No Brand,1,Free Shipping,0,95%,85%
56,57,Samsung Galaxy A14 4GB+128GB,"Rs. 51,999",Samsung,0,Pakistan,0,92%,100%
57,58,Xiaomi Redmi Note 12 || 8GB Ram 128GB Rom || 5000mAh Battery 33W Fast Charger,"Rs. 50,399",No Brand,0,Free Shipping,0,91%,74%
58,59,"Redmi 12C, 4GB RAM 128GB ROM , 50 MP Al Dual Camera , Finger Sensor , 5000 mAh Battery , Fast Charging","Rs. 29,999",No Brand,0,Free Shipping,0,95%,85%
59,60,Samsung Galaxy A04 4GB - 64GB OFFICIAL PTA APPROVED OFFICIAL WARRANTY,"Rs. 29,999",No Brand,0,Pakistan,0,93%,100%
60,61,"Itel S23 - 6.6"" Inch Display - 8GB + 8GB RAM - 128GB / 256GB ROM","Rs. 27,999",No Brand,5,Free Shipping,0,85%,100%
61,62,Infinix Hot 30 || 8GB+8GB Ram 128GB Rom || 5000mAh Battery,"Rs. 36,999",No Brand,4.8,Free Shipping,0,91%,74%
62,63,Samsung Galaxy A54 8GB+256GB,"Rs. 128,999",Samsung,0,Pakistan,0,92%,100%
63,64,"Infinix Note 30 , 8GB RAM 256GB ROM , 64MP Main Camera , Fingerprint , 5000mAh Fast Charging","Rs. 46,999",No Brand,0,Free Shipping,0,87%,Not enough data
64,65,"Tecno Camon 20 - 8GB/256GB - 64 MP Camera - 5000 mAH- Battery - 6.67""","Rs. 49,999",Tecno,0,Free Shipping,0,94%,100%
65,66,TECNO CAMON 20 - 8GB+8GB RAM 256GB ROM - 5000 mAh Battery,"Rs. 46,399",No Brand,0,Free Shipping,0,89%,100%
66,67,Redmi 12C || 4GB Ram 128GB Rom || 6.71 Inches IPS Display || 5000 mAh - Battery charging 10W wired,"Rs. 28,999",No Brand,5,Free Shipping,0,94%,92%
67,68,Samsung Galaxy A04s 4GB - 128GB OFFICIAL PTA APPROVED OFFICIAL WARRANTY,"Rs. 39,999",No Brand,0,Pakistan,0,93%,100%
68,69,Tecno CAMON 20 8GB RAM-256GB ROM 5000MAH BATTERY PTA APPROVED OFFICIAL BRAND WARRANTY,"Rs. 45,496",No Brand,0,Pakistan,0,95%,100%
69,70,Sparx Neo X || 4GB RAM 64GB ROM || 50MP +2MP Camera || 5000mAh Battery || PTA Approved || 1 Year Brand Warranty,"Rs. 25,999",No Brand,0,Free Shipping,0,92%,96%
70,71,"Oppo A57 2022 - 6.5"" HD Display - 4GB RAM - 64GB ROM - Dual Sim - PTA Approved - Phone And Box Only (Charger, Accessories Not Included - Mix Color)","Rs. 26,999",No Brand,0,Pakistan,0,76%,100%
71,72,"Redmi Note 12 8GB Ram 128GB Rom, Display Size 6.67 Inches, Battery Capacity 5000 mAh , Fast charging 33W","Rs. 49,999",No Brand,0,Free Shipping,0,95%,85%
72,73,"Infinix Hot 30 8GB/128GB - Android 13 - 6.78"" Display - 5000 mAh Battery","Rs. 37,999",No Brand,0,Free Shipping,0,0%,100%
73,74,"Redmi A2 Plus , 3GB RAM 64GB ROM , 8MP Main Camera , Fingerprint , 5000mAh Fast Charging","Rs. 19,999",No Brand,4.9,Free Shipping,0,95%,85%
74,75,Redmi Note 12 || 8GB Ram 128GB Rom || 6.67 Inches AMOLED Display || 5000 mAh - Fast charging 33W wired ||,"Rs. 50,699",No Brand,5,Free Shipping,0,90%,100%
75,76,Original Vivo Y85 with Box & Charger - Dual Sim Approved - Vivo Y85a - 4GB RAM Mobile - Snapdragon Mobile,"Rs. 15,999",No Brand,5,Free Shipping,0,92%,100%
76,77,"Oppo A57 - 5.2"" HD Display - 4GB RAM - 64GB ROM - Dual Sim - PTA Approved - Phone And Box Only (Charger, Accessories Not Included - Mix Color)","Rs. 13,999",No Brand,4.3,Pakistan,0,76%,100%
77,78,Itel A60s || 4GB + 128GB || 6.6 inches IPS Display || Battery Li-Po 5000 mAh,"Rs. 22,999",No Brand,4.4,Free Shipping,0,94%,92%
78,79,Itel S23 - 8GB Ram - 256GB Rom - 5000mAh Battery,"Rs. 31,000",No Brand,4.8,Pakistan,0,95%,100%
79,80,"Infinix Note 30 RAM 8 GB ROM 256 GB Front Camera 16 MP Back Camera 64 MP + 2 MP + AI Cam Battery Type Li-Po 5000 mAh, non-removable","Rs. 46,999",No Brand,4.3,Free Shipping,0,95%,100%
80,81,"Tecno Camon 20 , 8GB RAM 256GB ROM , 64MP Main Camera , Fingerprint , 5000mAh Fast Charging","Rs. 48,999",No Brand,5,Free Shipping,0,95%,85%
81,82,Redmi 12 || 8GB Ram 128GB Rom || 5000mAh Battery,"Rs. 42,999",No Brand,3.9,Free Shipping,0,91%,74%
82,83,"Redmi 12C, 4GB RAM 128GB ROM , 50 MP Al Dual Camera , Finger Sensor , 5000 mAh Battery , Fast Charging","Rs. 28,999",No Brand,4.2,Free Shipping,0,87%,Not enough data
83,84,"Tecno Camon 20 - 8GB RAM 256GB ROM - 6.67"" AMOLED Display - Finger On Screen - 5000mAh Battery - 33W Fast Charge - 32MP Selfie Camera - 64 MP + 2MP + AI Cam + Quad Flash - PTA Approved","Rs. 47,999",No Brand,4.4,Free Shipping,0,89%,100%
84,85,"Xiaomi Redmi 12 || 8GB + 128GB || 6.79"" IPS Display || 5000 mah Battery","Rs. 42,999",No Brand,4.9,Free Shipping,0,94%,92%
85,86,"Tecno Spark 10 Pro , 8GB RAM 128GB ROM , Back Camera 50 MP , fingersensor , 5000mAh Battery","Rs. 37,999",No Brand,4.7,Free Shipping,0,95%,85%
86,87,Infinix Note 30 8GB Ram 256GB Memory,"Rs. 45,498",No Brand,4.7,Pakistan,0,95%,100%
87,88,"infinix Smart 7 HD , 2GB + 2GB Ram 64GB Rom , 6.6 Inches HD , 5000 mAh- Battery","Rs. 21,399",No Brand,4.8,Free Shipping,0,90%,100%
88,89,Tecno Camon 20 Pro 8GB 256GB | 64-megapixel primary camera | MediaTek G99 processor | 5000mAh battery | 1 Year Brand warranty,"Rs. 61,999",No Brand,4.5,Pakistan,0,100%,100%
89,90,Samsung Galaxy A04 4GB - 64GB OFFICIAL PTA APPROVED OFFICIAL WARRANTY,"Rs. 29,999",Samsung,4.6,Free Shipping,0,84%,100%
90,91,Redmi 12C 4GB Ram 5000mAh Battery Fingerprint Sensor,"Rs. 27,999",No Brand,4.8,Free Shipping,0,91%,74%
91,92,"Samsung A54 5G - 6.4"" Inch Display - 8GB RAM","Rs. 134,999",No Brand,4.7,Free Shipping,0,85%,100%
92,93,"Redmi 12 - 6.79"" Inch Display - 8GB RAM - 128GB ROM","Rs. 43,950",No Brand,4.5,Free Shipping,0,85%,100%
93,94,"Redmi A2 Plus , 3GB Ram 4GB Rom , 6.5 Inches IPS Display , 5000 mAh - Battery","Rs. 19,999",No Brand,4.9,Free Shipping,0,90%,100%
94,95,"Infinix Smart 7 , Back Camera 13 MP , 4GB RAM 64GB ROM , Fingerprint , 5000 mAh Battery","Rs. 25,999",No Brand,4.3,Free Shipping,0,95%,85%
95,96,itel S23 6.6″ HD+ Display | Up to 16+256GB Storage with Memory Fusion | Color Changing Design | 50 MP AI Camera,"Rs. 33,499",itel,4.4,Free Shipping,0,88%,100%
96,97,Samsung Galaxy A04e 3GB+32GB,"Rs. 28,699",Samsung,4.8,Pakistan,0,92%,100%
97,98,INFINIX NOTE 30 - 8GB+8GB =16GB RAM 256GB ROM - 5000 mAh Battery,"Rs. 46,799",No Brand,4.3,Pakistan,0,96%,100%
98,99,"Infinix Hot 30 Play RAM 4 GB ROM 64 GB Front Camera 8 MP Back Camera 16 MP + QVGA Battery Type Li-Po 6000 mAh, non-removable","Rs. 29,980",No Brand,4.8,Free Shipping,0,95%,100%
99,100,Infinix Note 30 Pro || 8GB + 8GB Ram 256GB Rom || 5000mAh Battery,"Rs. 62,999",No Brand,5,Free Shipping,0,91%,74%
100,101,"Redmi Note 12s - 6.43"" Inch Display - 8GB RAM - 256GB ROM","Rs. 73,450",No Brand,4.6,Free Shipping,0,85%,100%
101,102,"Infinix Note 30 Pro , 8GB RAM 256GB ROM , 108MP Main Camera , 5000mAh Battery","Rs. 64,999",No Brand,4.4,Free Shipping,0,89%,100%
102,103,"Infinix Note 30 RAM 8 GB ROM 256 GB Front Camera 16 MP Back Camera 64 MP + 2 MP + AI Cam Battery Type Li-Po 5000 mAh, non-removable","Rs. 46,990",No Brand,4.6,Pakistan,0,95%,100%
103,104,Redmi 12C 4GB RAM + 64GB ROM PTA Approved Mobile Phone with 1 Year Brand Warranty,"Rs. 26,480",No Brand,4.6,Free Shipping,0,95%,100%
104,105,Tecno Camon 20 || 8GB ROM 256GB ROM || 64MP Triple Camera || 5000mAh Battery (Fast Charging) || PTA Approved || 1Year Brand Warrenty,"Rs. 47,999",No Brand,5,Free Shipping,0,92%,96%
105,106,"Infinix Note 30 Pro , 8GB RAM 256GB ROM , 108MP Main Camera , Fingerprint , 5000mAh Fast Charging","Rs. 69,999",No Brand,4.4,Free Shipping,0,87%,Not enough data
106,107,"Nokia C31 Smartphone with 6.75"" HD+ Display and 5050 mAh non-removable battery, 4GB RAM / 128GB ROM, Android 12 OS, 2 years quarterly security updates, 13MP triple rear and selfie cameras - PTA approved","Rs. 33,999",Nokia,4.4,Free Shipping,0,91%,100%
107,108,Infinix Note 30 Pro || 8GB RAM 256Gb ROM || 108MP Triple Camera || 5000mAh Battery (Fast Charging 68W ) || PTA Approved || 1 Year Brand Warranty,"Rs. 63,999",No Brand,4.7,Free Shipping,0,92%,96%
108,109,"Tecno Spark Go 2023 , 4GB RAM 64GB ROM , Back Camera 13 MP , Fingersensor , 5000mAh Battery","Rs. 25,999",Tecno,4.5,Free Shipping,0,95%,85%
109,110,Tecno Spark 10 Pro RAM 8 GB ROM 128 GB front Camera 32 MP Back Camera 50 MP Battery Type5000 mAh,"Rs. 37,999",No Brand,4.6,Free Shipping,0,95%,100%
110,111,Xiaomi Redmi Note 12 - 8GB RAM 128GB/256GB ROM - 5000mAh Battery,"Rs. 51,999",No Brand,4.3,Free Shipping,0,89%,100%
111,112,itel S23 || 8GB+8GB Ram 256GB Rom || 5000mAh Battery,"Rs. 32,999",No Brand,4.6,Free Shipping,0,91%,74%
112,113,Tecno Camon 20 - 8GB+8GB Ram 256GB Rom - 5000mAh Battery - In Display Fingerprint,"Rs. 46,999",No Brand,4.6,Free Shipping,0,91%,74%
113,114,VGOTEL Note 23 || 8GB+8GB RAM 256GB ROM || 5000mAh Battery,"Rs. 32,999",No Brand,4.5,Free Shipping,0,91%,74%
114,115,Infinix Smart 7 || 4GB + 3GB Ram 64GB Rom || 6.6 Inches HD + Sunlight Display || 5000 mAh- Fast charging 10W,"Rs. 25,999",No Brand,4.4,Free Shipping,0,90%,100%
115,116,Redmi Note 12 || 8GB Ram 256GB Rom || 5000mAh Battery,"Rs. 61,499",No Brand,4.7,Free Shipping,0,91%,74%
116,117,Tecno Spark 10 Pro || 8GB Ram 128GB Rom || 5000mAh Battery,"Rs. 37,499",No Brand,4.7,Free Shipping,0,91%,74%
117,118,Infinix Note 30 Pro - 6.67 Inch Display - 8GB + 8GB RAM - 256GB ROM,"Rs. 63,899",No Brand,4.7,Free Shipping,0,85%,100%
118,119,"Infinix Hot 30 Play - 6.82"" Inch Display - 4GB RAM - 64GB / 12GB ROM","Rs. 29,899",No Brand,4.8,Free Shipping,0,85%,100%
119,120,"Tecno Spark 10C , 4GB + 4GB Ram 128GB Rom , 6.6 Inches IPS Display 90Hz , 5000 mAh- Fast battery 18W wired","Rs. 30,499",No Brand,4.6,Free Shipping,0,90%,100%
120,121,Infinix Hot 30 || 8GB Ram 128GB Rom || 5000mAh Battery,"Rs. 39,999",No Brand,4.8,Pakistan,0,89%,100%
121,122,"Itel S23 , 8GB RAM 256GB ROM , 50 MP Main Camera , Fingerprint , 5000mAh Battery","Rs. 30,999",No Brand,4.3,Free Shipping,0,95%,85%
122,123,Xiaomi Poco X5 Pro 5G || 8GB Ram 256GB Rom || 5000mAh Battery,"Rs. 109,999",No Brand,4.6,Free Shipping,0,91%,74%
123,124,"Vivo Y17s , 6GB Ram 128GB Rom , Mediatek Helio G85 , 6.56 Inches IPS Display , 5000 mAh- Fast battery 15W","Rs. 44,999",No Brand,4.7,Free Shipping,0,90%,100%
124,125,Redmi 12C || 4GB Ram 128GB Rom || 6.71 Inches IPS Display || 5000 mAh - Battery charging 10W wired,"Rs. 28,999",No Brand,4.6,Free Shipping,0,90%,100%
125,126,"Tecno Camon 20 , 8GB RAM 256GB ROM , 64MP Main Camera , Fingerprint , 5000mAh Fast Charging","Rs. 46,999",No Brand,4.6,Free Shipping,0,87%,Not enough data
126,127,"Redmi Note 12 - 6.67"" Inch Display - 8GB RAM - 128GB / 256GB ROM","Rs. 50,950",No Brand,4.8,Free Shipping,0,85%,100%
127,128,Xiaomi 13T || 12GB Ram 256GB Rom || 5000mAh Battery || 67W Fast Charging,"Rs. 169,999",No Brand,4.5,Free Shipping,0,91%,74%
128,129,Samsung Galaxy A54 5G || 8GB+8GB Ram 256GB Rom || 5000mAh Battey,"Rs. 139,999",No Brand,3.5,Free Shipping,0,91%,74%
129,130,"Redmi A1 Plus - 6.52"" Inch Display - 2GB RAM - 32GB ROM","Rs. 18,899",No Brand,4.7,Free Shipping,0,85%,100%
130,131,"Samsung Galaxy A04 - 6.5"" Inch Display - 3GB RAM - 32GB ROM","Rs. 23,499",No Brand,4.9,Free Shipping,0,85%,100%
131,132,"Xiaomi Redmi Note 12 Pro RAM 8 GB ROM 256 GB Front Camera 16 MP Back Camera 108 MP + 08 MP + 02 MP Battery Type Li-Po 5000 mAh, non-removable","Rs. 95,000",No Brand,4.7,Free Shipping,0,93%,100%
132,133,Redmi Note 12 Pro - 8GB Ram 256GB Rom - 5000mAh Battery,"Rs. 88,999",No Brand,4.8,Free Shipping,0,91%,74%
133,134,"Xiaomi Redmi Note 12 RAM 8 GB ROM 128 Front Camera 13 MP Back Camera 50 MP + 8 MP + 2 MP Battery Type Li-Po 5000 mAh, non-removable","Rs. 49,999",No Brand,4.9,Free Shipping,0,93%,100%
134,135,Sparx Neo 7 Plus || 4 Gb RAM 64 GB ROM || 13MP Camera || 5000mAh Battery || PTA Approved || 1Year Brand Warranty,"Rs. 24,599",No Brand,4.8,Free Shipping,0,92%,96%
135,136,"Redmi Note 12 Pro - 6.67"" Inch Display - 8GB RAM - 256GB ROM","Rs. 88,799",No Brand,4.5,Free Shipping,0,85%,100%
136,137,itel S23 6.6″ HD+ Display | Up to 16+128GB Storage with Memory Fusion | Color Changing Design | 50 MP AI Camera,"Rs. 30,499",itel,4.7,Free Shipping,0,88%,100%
137,138,"Xiaomi Redmi 12 , 8GB RAM 128GB ROM , 50 MP Main Camera , Fingerprint , 5000mAh Fast Charging","Rs. 42,999",No Brand,4.1,Free Shipping,0,89%,100%
138,139,Infinix Note 30 8GB+8GB Ram 256GB Rom G99 Powerful Processor,"Rs. 47,999",No Brand,4.8,Free Shipping,0,91%,74%
139,140,"Infinix Hot 30 Play , 4GB RAM 64GB ROM , 16MP Main Camera , Fingersensor , 6000mAh Fast charging 18W","Rs. 31,999",No Brand,5,Free Shipping,0,95%,85%
140,141,"Infinix Note 30 - 8GB RAM 128/256GB ROM - 6.78"" FHD+ Eye-care Display with 120Hz Dynamic Refresh Rate","Rs. 47,499",No Brand,4.8,Free Shipping,0,89%,100%
141,142,"Redmi 12 , 8GB RAM 128GB ROM , 50 MP Main Camera , Fingerprint , 5000mAh Fast Charging","Rs. 42,999",No Brand,5,Free Shipping,0,87%,Not enough data
142,143,Samsung Galaxy A14 - 6GB ROM 128 GB - PTA Approved 1 Year Official Warranty,"Rs. 53,999",No Brand,4.5,Pakistan,0,93%,100%
143,144,"Redmi A2 Plus || 3GB + 64GB || 6.5 IPS Display || Battery (Li-ion Non removable), 5000 mAh","Rs. 19,999",No Brand,3,Free Shipping,0,94%,92%
144,145,"Nokia C31 - 4GB / 64GB - Smartphone with 6.75"" HD+ Display and 5050 mAh non-removable battery, 4GB RAM / 64GB ROM, Android 12 OS, 2 years quarterly security updates, 13MP triple rear and selfie cameras - PTA approved","Rs. 24,999",Nokia,5,Free Shipping,0,91%,100%
145,146,Infinix Note 30 - 8GB RAM 256GB ROM - 6.78 Inches Display - IPS LCD - Dual SIM - 5000mAh Battery,"Rs. 48,999",No Brand,4.7,Free Shipping,0,91%,100%
146,147,Galaxy A04s 4GB RAM-128GB ROM PTA APPROVED OFFICIAL BRAND WARRANNTY,"Rs. 38,999",Samsung,4.6,Free Shipping,0,84%,100%
147,148,"Samsung Galaxy A13 - 6.6"" Inch display - 4GB RAM","Rs. 43,499",No Brand,4.8,Free Shipping,0,85%,100%
148,149,Infinix Hot 30 8GB Ram 128GB Memory,"Rs. 35,989",No Brand,4.8,Pakistan,0,95%,100%
149,150,"Realme C33 , 4GB RAM 64GB ROM , Fingersensor , BackCamera 50MP , 5000mAh Battery","Rs. 30,999",No Brand,5,Free Shipping,0,95%,85%
150,151,Redmi 12C 4GB RAM + 128GB ROM PTA Approved Mobile Phone with 1 Year Brand Warranty,"Rs. 30,940",No Brand,4.9,Pakistan,0,95%,100%
151,152,Vivo Y17S || 6GB+6GB Ram 128GB Rom || 5000mAh Battery,"Rs. 44,999",No Brand,4.6,Free Shipping,0,91%,74%
152,153,"Vivo Y36 ROM 8 GB ROM 128 GB Front Camera 16 MP Back Camera 50 MP + 2 MP + 2 MP Battery Type Li-Po 5000 mAh, non-removable","Rs. 62,480",No Brand,5,Free Shipping,0,95%,100%
153,154,"Samsung Galaxy A54 , 5G , 8GB Ram 256GB Rom , 6.4 Inches AMOLED Display 120Hz , 5000 mAh-Fast battery 25W wired","Rs. 135,999",No Brand,4.5,Free Shipping,0,90%,100%
154,155,"Samsung A54 , 8GB RAM 256GB RAM , 50MP Main Camera , 5000mAh Fast Charging","Rs. 134,999",No Brand,4.4,Free Shipping,0,95%,85%
155,156,Tecno SPARK 10 PRO 8GB RAM - 128GB ROM 50 MP CAMERA DUAL SIM,"Rs. 39,499",No Brand,4.8,Pakistan,0,89%,100%
156,157,"Xiaomi Poco X5 Pro 5 G RAM 8 GB ROM 256 GB Front Camera 16 MP Back Camera 108 MP + 8 MP + 2 MP Battery Type Li-Po 5000 mAh, non-removable","Rs. 115,000",No Brand,5,Free Shipping,0,95%,100%
157,158,Infinix Smart 7 4GB Ram 64GB Rom 5000mAh Battery,"Rs. 25,999",No Brand,5,Free Shipping,0,91%,74%
158,159,Vivo V27e || 8GB Ram 256GB Rom || 4600 mAh Battery,"Rs. 98,999",Vivo,5,Free Shipping,0,91%,74%
159,160,"Xiaomi Poco X5 Pro || 8GB + 256GB || Display 6.7"" AMOLED || Battery Li-Po 5000 mAh ||","Rs. 111,999",No Brand,4.8,Free Shipping,0,94%,92%
160,161,Tecno Spark 10C RAM 4 GB ROM 128 GB Front Camera 8 MP Back Camera 16 MP Battery Type 5000 mAh,"Rs. 29,999",No Brand,4.8,Pakistan,0,93%,100%
161,162,Redmi Note 12 || 8GB Ram 128GB Rom || 6.67 Inches AMOLED Display || 5000 mAh - Fast charging 33W wired ||,"Rs. 50,449",No Brand,4.6,Free Shipping,0,94%,92%
162,163,"Redmi Note 12 Pro , 8GB Ram 256GB Rom , 6.67 Inches AMOLED Display || 5000 mAh - Fast charging 67W","Rs. 88,999",No Brand,4.6,Free Shipping,0,90%,100%
163,164,SparX Neo 7 Ultra || 6GB Ram 128GB Rom || 5000mAh Battery,"Rs. 32,999",No Brand,4.3,Free Shipping,0,91%,74%
164,165,"Xiaomi 13T 12GB RAM-256GB ROM Flat display - FHD+ 6.67"" AMOLED PTA APPROVED OFFICIAL BRAND WARRANTY","Rs. 165,999",Redmi,4.4,Free Shipping,0,85%,100%
165,166,itel S23 4G || 8GB+8GB Ram 128GB Rom || 5000mAh Battery,"Rs. 30,999",No Brand,0,Free Shipping,0,91%,74%
166,167,"INFINIX SMART 7 4GB RAM 64GB ROM || 6000mAh BATTERY || 4G LTE || 6.6"" DISPLAY || ONE YEAR BRAND WARRANTY || PTA APPROVED","Rs. 25,999",No Brand,4,Free Shipping,0,92%,96%
167,168,Xiaomi Redmi Note 12 || 8GB Ram 128GB Rom || 5000mAh Battery 33W Fast Charger,"Rs. 51,499",No Brand,5,Free Shipping,0,94%,100%
168,169,"Redmi Note 12 - 6.67"" Inch Display - 8GB RAM - 128GB / 256GB ROM","Rs. 51,299",No Brand,4.8,Free Shipping,0,91%,85%
169,170,"Xiaomi Redmi Note 12 Pro RAM 8 GB ROM 256 GB Front Camera 16 MP Back Camera 108 MP + 08 MP + 02 MP Battery Type Li-Po 5000 mAh, non-removable","Rs. 88,840",No Brand,4.3,Free Shipping,0,91%,100%
170,171,Redmi Note 12 Pro - 8GB Ram 256GB Rom - 5000mAh Battery,"Rs. 87,999",No Brand,5,Free Shipping,0,84%,100%
171,172,"Xiaomi Redmi Note 12 Pro RAM 8 GB ROM 256 GB Front Camera 16 MP Back Camera 108 MP + 08 MP + 02 MP Battery Type Li-Po 5000 mAh, non-removable","Rs. 88,880",No Brand,5,Free Shipping,0,85%,74%
172,173,Xiaomi Redmi Note 12 - 8GB RAM 128GB/256GB ROM - 5000mAh Battery,"Rs. 53,999",No Brand,5,Free Shipping,0,95%,74%
173,174,"Redmi Note 12 8GB Ram 128GB Rom, Display Size 6.67 Inches, Battery Capacity 5000 mAh , Fast charging 33W","Rs. 50,999",No Brand,0,Free Shipping,0,95%,92%
174,175,Redmi Note 12 || 8GB Ram 256GB Rom || 5000mAh Battery,"Rs. 61,499",No Brand,4.8,Free Shipping,0,95%,100%
175,176,"Xiaomi Redmi Note 12 RAM 8 GB ROM 128 Front Camera 13 MP Back Camera 50 MP + 8 MP + 2 MP Battery Type Li-Po 5000 mAh, non-removable","Rs. 54,999",No Brand,4.4,Free Shipping,0,91%,92%
176,177,Redmi note 12 8GB RAM -256GB ROM PTA APPROVED OFFICIAL WARRANTY SUPER FAST CHARGING,"Rs. 61,199",No Brand,4.4,Free Shipping,0,95%,100%
177,178,"Redmi Note 12 Pro - 6.67"" Inch Display - 8GB RAM - 256GB ROM","Rs. 88,599",No Brand,4,Free Shipping,0,90%,74%
178,179,"Redmi Note 12 8GB Ram 128GB Rom, Display Size 6.67 Inches, Battery Capacity 5000 mAh , Fast charging 33W","Rs. 51,999",No Brand,5,Free Shipping,0,95%,100%
179,180,"Redmi Note 12 8GB Ram 128GB Rom, Display Size 6.67 Inches, Battery Capacity 5000 mAh , Fast charging 33W","Rs. 53,459",No Brand,4.4,Pakistan,0,89%,74%
180,181,REDMI NOTE 12 = 8GB RAM - 256GB ROM =5000 mAh Battery,"Rs. 64,199",No Brand,4.6,Free Shipping,0,95%,96%
181,182,"Xiaomi Redmi Note 12 RAM 8 GB ROM 256 Front Camera 13 MP Back Camera 50 MP + 8 MP + 2 MP Battery Type Li-Po 5000 mAh, non-removable","Rs. 63,000",No Brand,5,Free Shipping,0,91%,100%
182,183,"Xiaomi Redmi Note 12 RAM 8 GB ROM 256 Front Camera 13 MP Back Camera 50 MP + 8 MP + 2 MP Battery Type Li-Po 5000 mAh, non-removable","Rs. 63,000",No Brand,4.7,Free Shipping,0,91%,85%
183,184,Xiaomi Redmi Note 12 S RAM 8 GB ROM 256 GB Front Camera 16 MP Back Camera 108 MP + 8 MP + 2 MP Battery Type 5000 mAh,"Rs. 74,999",No Brand,5,Free Shipping,0,94%,100%
184,185,"Xiaomi Redmi Note 12 Pro RAM 8 GB ROM 256 GB Front Camera 16 MP Back Camera 108 MP + 08 MP + 02 MP Battery Type Li-Po 5000 mAh, non-removable","Rs. 88,880",No Brand,5,Free Shipping,0,93%,100%
185,186,"Xiaomi Redmi Note 12 RAM 8 GB ROM 256 Front Camera 13 MP Back Camera 50 MP + 8 MP + 2 MP Battery Type Li-Po 5000 mAh, non-removable","Rs. 63,000",No Brand,4,Free Shipping,0,94%,74%
186,187,Xiaomi Redmi Note 12 S RAM 8 GB ROM 256 GB Front Camera 16 MP Back Camera 108 MP + 8 MP + 2 MP Battery Type 5000 mAh,"Rs. 74,499",No Brand,0,Free Shipping,0,90%,74%
187,188,Xiaomi Redmi Note 12 S RAM 8 GB ROM 256 GB Front Camera 16 MP Back Camera 108 MP + 8 MP + 2 MP Battery Type 5000 mAh,"Rs. 74,880",No Brand,4,Pakistan,0,91%,92%
188,189,Xiaomi Redmi Note 12 S RAM 8 GB ROM 256 GB Front Camera 16 MP Back Camera 108 MP + 8 MP + 2 MP Battery Type 5000 mAh,"Rs. 78,990",No Brand,3,Free Shipping,0,85%,100%
189,190,"Xiaomi Redmi Note 12 RAM 8 GB ROM 128 Front Camera 13 MP Back Camera 50 MP + 8 MP + 2 MP Battery Type Li-Po 5000 mAh, non-removable","Rs. 51,480",No Brand,5,Pakistan,0,91%,92%
190,191,Redmi Note 12 || 6GB Ram 128GB Rom || 6.67 Inches AMOLED Display || 5000 mAh - Fast charging 33W wired ||,"Rs. 58,999",No Brand,0,Pakistan,0,94%,100%
191,192,"Redmi Note 12 Pro - 8GB RAM 256GB ROM - 6.67"" SuperAmoled Display - 5000mAh Battery","Rs. 89,999",No Brand,0,,0,91%,74%
192,193,"Xiaomi Redmi Note 12 RAM 8 GB ROM 256 Front Camera 13 MP Back Camera 50 MP + 8 MP + 2 MP Battery Type Li-Po 5000 mAh, non-removable","Rs. 63,000",No Brand,0,Free Shipping,0,91%,100%
193,194,"Xiaomi Redmi Note 12 RAM 6 GB ROM 128 Front Camera 13 MP Back Camera 50 MP + 8 MP + 2 MP Battery Type Li-Po 5000 mAh, non-removable","Rs. 54,999",No Brand,4.9,Free Shipping,0,84%,74%
194,195,"Redmi Note 12 Pro , 8GB RAM 256GB ROM , 108MP Main Camera , Finger Sensor , 5000mAh Fast Charging","Rs. 90,210",No Brand,0,Free Shipping,0,85%,96%
195,196,Redmi Note 12 - 6GB Ran 128GB Rom - 5000mAh Battery,"Rs. 64,999",No Brand,5,Free Shipping,0,95%,100%
196,197,"Xiaomi Redmi Note 12 RAM 6 GB ROM 128 Front Camera 13 MP Back Camera 50 MP + 8 MP + 2 MP Battery Type Li-Po 5000 mAh, non-removable","Rs. 54,999",No Brand,0,Free Shipping,0,95%,85%
197,198,"Xiaomi Redmi Note 12 RAM 6 GB ROM 128 Front Camera 13 MP Back Camera 50 MP + 8 MP + 2 MP Battery Type Li-Po 5000 mAh, non-removable","Rs. 54,999",No Brand,0,Free Shipping,0,95%,100%
198,199,"Xiaomi Redmi Note 12 RAM 8 GB ROM 128 Front Camera 13 MP Back Camera 50 MP + 8 MP + 2 MP Battery Type Li-Po 5000 mAh, non-removable","Rs. 59,880",No Brand,0,Free Shipping,0,91%,100%
199,200,"Redmi Note 12 Pro , 8GB RAM 256GB ROM , 108MP Main Camera , Finger Sensor , 5000mAh Fast Charging","Rs. 91,179",No Brand,0,Free Shipping,0,95%,74%
,,,,,,,,,
,,,,,,,,,
,,,,,,,,,
,,,,,,,,,
,,,,,,,,,
,,,,,,,,,
,,,,,,,,,
,,,,,,,,,
,,,,,,,,,
,,,,,,,,,
,,,,,,,,,
,,,,,,,,,
,,,,,,,,,
